{"ROC_AUC": 0.7165178571428572, "Accuracy": 0.7166666666666667, "F1": 0.7017543859649122}